,recipe_name,default_qty,default_uom,ingredient_name
0,Outrageous Chocolate Chip Cookies,0.5,cup,butter
1,Outrageous Chocolate Chip Cookies,0.5,cup,white sugar
2,Outrageous Chocolate Chip Cookies,0.33,cup,brown sugar
3,Outrageous Chocolate Chip Cookies,0.5,cup,peanut butter
4,Outrageous Chocolate Chip Cookies,0.5,teaspoon,vanilla
5,Outrageous Chocolate Chip Cookies,1.0,each,egg
6,Outrageous Chocolate Chip Cookies,1.0,cup,flour
7,Outrageous Chocolate Chip Cookies,1.0,teaspoon,baking soda
8,Outrageous Chocolate Chip Cookies,0.25,teaspoon,salt
9,Outrageous Chocolate Chip Cookies,0.5,cup,oats
10,Outrageous Chocolate Chip Cookies,1.0,cup,chocolate
0,Virgina's Tuna Salad,1.0,each,egg
1,Virgina's Tuna Salad,5.0,ounce,tuna
2,Virgina's Tuna Salad,3.0,tablespoons,mayonnaise
3,Virgina's Tuna Salad,2.0,stalks,celery
4,Virgina's Tuna Salad,2.0,tablespoons,relish
5,Virgina's Tuna Salad,1.0,pinch,black pepper
0,Good Old Fashioned Pancakes,0.5,cups,flour
1,Good Old Fashioned Pancakes,1.5,teaspoons,baking powder
2,Good Old Fashioned Pancakes,1.0,teaspoon,salt
3,Good Old Fashioned Pancakes,1.0,tablespoon,white sugar
4,Good Old Fashioned Pancakes,0.25,cups,milk
5,Good Old Fashioned Pancakes,1.0,each,egg
6,Good Old Fashioned Pancakes,3.0,tablespoons,butter
0,Cardamom Maple Salmon,0.5,teaspoons,salt
1,Cardamom Maple Salmon,1.0,teaspoon,paprika
2,Cardamom Maple Salmon,1.0,teaspoon,cardamom
3,Cardamom Maple Salmon,1.0,teaspoon,coriander
4,Cardamom Maple Salmon,0.5,teaspoon,black pepper
5,Cardamom Maple Salmon,0.25,cup,grapeseed oil
6,Cardamom Maple Salmon,2.0,tablespoons,maple syrup
7,Cardamom Maple Salmon,6.0,pound,salmon
0,Beef Stroganoff with Ground Beef,2.0,tablespoons,butter
1,Beef Stroganoff with Ground Beef,1.0,cup,mushrooms
2,Beef Stroganoff with Ground Beef,0.33,cup,onion
3,Beef Stroganoff with Ground Beef,1.0,pound,ground beef
4,Beef Stroganoff with Ground Beef,2.0,tablespoons,flour
5,Beef Stroganoff with Ground Beef,1.0,teaspoon,garlic powder
6,Beef Stroganoff with Ground Beef,1.0,teaspoon,salt
7,Beef Stroganoff with Ground Beef,0.5,teaspoon,paprika
8,Beef Stroganoff with Ground Beef,0.25,teaspoon,black pepper
9,Beef Stroganoff with Ground Beef,10.75,ounce,cream of mushroom soup
10,Beef Stroganoff with Ground Beef,0.75,cup,sour cream
11,Beef Stroganoff with Ground Beef,1.0,tablespoon,liquid smoke
12,Beef Stroganoff with Ground Beef,1.0,tablespoon,Worcestershire sauce
0,Sweet Potato and Venison Shepherd's Pie,1.0,each,sweet potato
1,Sweet Potato and Venison Shepherd's Pie,2.0,tablespoons,butter
2,Sweet Potato and Venison Shepherd's Pie,2.0,tablespoons,milk
3,Sweet Potato and Venison Shepherd's Pie,0.5,teaspoon,salt
4,Sweet Potato and Venison Shepherd's Pie,0.25,teaspoon,black pepper
5,Sweet Potato and Venison Shepherd's Pie,0.25,teaspoon,sage
6,Sweet Potato and Venison Shepherd's Pie,1.0,pinch,nutmeg
7,Sweet Potato and Venison Shepherd's Pie,0.5,cup,Cheddar cheese
8,Sweet Potato and Venison Shepherd's Pie,2.0,tablespoons,vegetable oil
9,Sweet Potato and Venison Shepherd's Pie,8.0,ounce,cremini mushrooms
10,Sweet Potato and Venison Shepherd's Pie,1.0,each,onion
11,Sweet Potato and Venison Shepherd's Pie,2.0,each,carrots
12,Sweet Potato and Venison Shepherd's Pie,1.0,stalk,celery
13,Sweet Potato and Venison Shepherd's Pie,4.0,cloves,garlic
14,Sweet Potato and Venison Shepherd's Pie,1.0,each,salt
15,Sweet Potato and Venison Shepherd's Pie,1.0,pound,venison
16,Sweet Potato and Venison Shepherd's Pie,1.0,teaspoon,thyme
17,Sweet Potato and Venison Shepherd's Pie,1.0,teaspoon,oregano
18,Sweet Potato and Venison Shepherd's Pie,1.0,teaspoon,garlic powder
19,Sweet Potato and Venison Shepherd's Pie,1.0,teaspoon,onion powder
20,Sweet Potato and Venison Shepherd's Pie,0.5,teaspoon,black pepper
21,Sweet Potato and Venison Shepherd's Pie,0.5,teaspoon,sage
22,Sweet Potato and Venison Shepherd's Pie,2.0,tablespoons,flour
23,Sweet Potato and Venison Shepherd's Pie,0.66,cup,white wine
24,Sweet Potato and Venison Shepherd's Pie,1.0,cup,chicken broth
25,Sweet Potato and Venison Shepherd's Pie,1.0,cup,peas
0,World's Best Lasagna,1.0,pound,Italian sausage
1,World's Best Lasagna,0.75,pound,ground beef
2,World's Best Lasagna,0.5,cup,onion
3,World's Best Lasagna,2.0,cloves,garlic
4,World's Best Lasagna,28.0,ounce,crushed tomatoes
5,World's Best Lasagna,12.0,ounce,tomato paste
6,World's Best Lasagna,13.0,ounce,tomato sauce
7,World's Best Lasagna,0.5,cup,water
8,World's Best Lasagna,2.0,tablespoons,white sugar
9,World's Best Lasagna,1.5,teaspoons,basil
10,World's Best Lasagna,0.5,teaspoon,fennel seeds
11,World's Best Lasagna,1.0,teaspoon,Italian seasoning
12,World's Best Lasagna,1.5,teaspoons,salt
13,World's Best Lasagna,0.25,teaspoon,black pepper
14,World's Best Lasagna,4.0,tablespoons,parsley
15,World's Best Lasagna,12.0,noodles,lasagna noodles
16,World's Best Lasagna,16.0,ounces,ricotta cheese
17,World's Best Lasagna,1.0,each,egg
18,World's Best Lasagna,0.75,pound,mozzarella cheese
19,World's Best Lasagna,0.75,cup,Parmesan cheese
0,Chewy Peanut Butter Brownies,0.5,cup,peanut butter
1,Chewy Peanut Butter Brownies,0.33,cup,margarine
2,Chewy Peanut Butter Brownies,0.66,cup,white sugar
3,Chewy Peanut Butter Brownies,0.5,cup,brown sugar
4,Chewy Peanut Butter Brownies,2.0,each,egg
5,Chewy Peanut Butter Brownies,0.5,teaspoon,vanilla
6,Chewy Peanut Butter Brownies,1.0,cup,flour
7,Chewy Peanut Butter Brownies,1.0,teaspoon,baking powder
8,Chewy Peanut Butter Brownies,0.25,teaspoon,salt
0,Terrific Turkey Chili,3.0,tablespoons,vegetable oil
1,Terrific Turkey Chili,1.5,pounds,turkey
2,Terrific Turkey Chili,1.0,ounce,taco seasoning
3,Terrific Turkey Chili,1.0,teaspoon,coriander
4,Terrific Turkey Chili,1.0,teaspoon,oregano
5,Terrific Turkey Chili,1.0,teaspoon,chili pepper
6,Terrific Turkey Chili,2.0,tablespoons,tomato paste
7,Terrific Turkey Chili,14.5,ounce,beef broth
8,Terrific Turkey Chili,7.0,ounce,salsa
9,Terrific Turkey Chili,14.5,ounce,crushed tomatoes
10,Terrific Turkey Chili,7.0,ounce,green chile peppers
11,Terrific Turkey Chili,1.0,each,onion
12,Terrific Turkey Chili,1.0,each,bell pepper
13,Terrific Turkey Chili,3.0,each,zucchini
14,Terrific Turkey Chili,1.0,each,green onions
15,Terrific Turkey Chili,1.0,cup,sour cream
16,Terrific Turkey Chili,1.0,cup,Cheddar cheese
0,Empanadas Salteñas,6.0,tablespoons,water
1,Empanadas Salteñas,0.5,teaspoon,salt
2,Empanadas Salteñas,2.0,cups,flour
3,Empanadas Salteñas,0.25,cup,margarine
4,Empanadas Salteñas,1.0,teaspoon,vegetable oil
5,Empanadas Salteñas,2.0,each,potatoes
6,Empanadas Salteñas,0.25,cup,butter
7,Empanadas Salteñas,2.0,each,onions
8,Empanadas Salteñas,2.0,stalks,green onions
9,Empanadas Salteñas,1.5,each,bell peppers
10,Empanadas Salteñas,0.66,pound,ground beef
11,Empanadas Salteñas,1.0,teaspoon,salt
12,Empanadas Salteñas,0.5,teaspoon,cayenne pepper
13,Empanadas Salteñas,1.0,teaspoon,cumin
14,Empanadas Salteñas,1.0,teaspoon,paprika
15,Empanadas Salteñas,3.0,each,hard-boiled eggs
0,Greek Salad I,1.0,head,romaine lettuce
1,Greek Salad I,1.0,each,red onion
2,Greek Salad I,6.0,ounce,olives
3,Greek Salad I,1.0,each,bell pepper
4,Greek Salad I,1.0,each,bell pepper
5,Greek Salad I,2.0,each,tomatoes
6,Greek Salad I,1.0,each,cucumber
7,Greek Salad I,1.0,cup,feta cheese
8,Greek Salad I,6.0,tablespoons,olive oil
9,Greek Salad I,1.0,teaspoon,oregano
10,Greek Salad I,1.0,each,lemon
11,Greek Salad I,1.0,each,black pepper
0,Chef John's Sourdough Bread,100.0,grams,sourdough starter
1,Chef John's Sourdough Bread,250.0,grams,water
2,Chef John's Sourdough Bread,8.0,grams,salt
3,Chef John's Sourdough Bread,394.0,grams,flour
4,Chef John's Sourdough Bread,1.0,each,flour
5,Chef John's Sourdough Bread,10.0,inch,basket
0,A Very Popular BBQ Sauce,1.5,cups,brown sugar
1,A Very Popular BBQ Sauce,1.5,cups,ketchup
2,A Very Popular BBQ Sauce,0.5,cup,red wine
3,A Very Popular BBQ Sauce,0.5,cup,water
4,A Very Popular BBQ Sauce,1.0,tablespoon,Worcestershire sauce
5,A Very Popular BBQ Sauce,2.5,tablespoons,mustard
6,A Very Popular BBQ Sauce,2.0,teaspoons,paprika
7,A Very Popular BBQ Sauce,2.0,teaspoons,salt
8,A Very Popular BBQ Sauce,1.5,teaspoons,black pepper
9,A Very Popular BBQ Sauce,2.0,dashes,hot pepper sauce
0,Apple Blackberry Pie,0.25,cup,butter
1,Apple Blackberry Pie,1.0,tablespoon,flour
2,Apple Blackberry Pie,0.25,cup,water
3,Apple Blackberry Pie,0.5,cup,white sugar
4,Apple Blackberry Pie,0.5,cup,brown sugar
5,Apple Blackberry Pie,1.0,teaspoon,lemon
6,Apple Blackberry Pie,6.0,ounce,blackberries
7,Apple Blackberry Pie,9.0,inch,crust
8,Apple Blackberry Pie,4.0,each,apple
0,Hot Fudge Ice Cream Bar Dessert,16.0,ounce,chocolate syrup
1,Hot Fudge Ice Cream Bar Dessert,0.75,cup,peanut butter
2,Hot Fudge Ice Cream Bar Dessert,19.0,each,ice cream sandwiches
3,Hot Fudge Ice Cream Bar Dessert,12.0,ounce,frozen whipped topping
4,Hot Fudge Ice Cream Bar Dessert,1.0,cup,peanuts
0,Chicken and Waffles,4.0,each,eggs
1,Chicken and Waffles,0.25,cup,heavy cream
2,Chicken and Waffles,2.0,tablespoons,cayenne pepper
3,Chicken and Waffles,1.0,tablespoon,salt
4,Chicken and Waffles,1.0,tablespoon,black pepper
5,Chicken and Waffles,2.0,cups,flour
6,Chicken and Waffles,1.0,cup,cornstarch
7,Chicken and Waffles,1.0,tablespoon,salt
8,Chicken and Waffles,1.0,quart,peanut oil
9,Chicken and Waffles,8.0,each,chicken
10,Chicken and Waffles,1.0,cup,mayonnaise
11,Chicken and Waffles,0.25,cup,maple syrup
12,Chicken and Waffles,2.0,teaspoons,horseradish
13,Chicken and Waffles,1.0,teaspoon,mustard powder
14,Chicken and Waffles,12.0,slices,bacon
15,Chicken and Waffles,8.0,slices,Cheddar cheese
16,Chicken and Waffles,8.0,each,waffles
0,Avocado Toast with Grilled Cheese,4.0,slices,bread
1,Avocado Toast with Grilled Cheese,2.0,each,avocados
2,Avocado Toast with Grilled Cheese,2.0,tablespoons,red onion
3,Avocado Toast with Grilled Cheese,2.0,tablespoons,cilantro
4,Avocado Toast with Grilled Cheese,0.25,cup,Parmesan cheese
0,Steve's Famous Garlic Home Fries,0.25,cup,margarine
1,Steve's Famous Garlic Home Fries,32.0,ounce,potatoes
2,Steve's Famous Garlic Home Fries,1.0,clove,garlic
3,Steve's Famous Garlic Home Fries,0.25,teaspoon,paprika
4,Steve's Famous Garlic Home Fries,0.25,teaspoon,salt
5,Steve's Famous Garlic Home Fries,0.25,teaspoon,black pepper
6,Steve's Famous Garlic Home Fries,2.0,teaspoons,chives
0,Power Oatmeal,1.0,cup,oats
1,Power Oatmeal,1.0,cup,milk
2,Power Oatmeal,0.5,cup,Greek yogurt
3,Power Oatmeal,1.0,each,banana
4,Power Oatmeal,3.0,tablespoons,flax seed meal
5,Power Oatmeal,2.0,tablespoons,peanut butter
0,Strawberry Spinach Salad Breakfast Wrap,0.25,cup,walnut
1,Strawberry Spinach Salad Breakfast Wrap,4.0,ounce,strawberries
2,Strawberry Spinach Salad Breakfast Wrap,1.0,teaspoon,sugar
3,Strawberry Spinach Salad Breakfast Wrap,2.0,tablespoons,Greek yogurt
4,Strawberry Spinach Salad Breakfast Wrap,1.0,teaspoon,lime
5,Strawberry Spinach Salad Breakfast Wrap,0.5,teaspoon,honey
6,Strawberry Spinach Salad Breakfast Wrap,1.0,each,bread
7,Strawberry Spinach Salad Breakfast Wrap,0.75,cup,spinach
8,Strawberry Spinach Salad Breakfast Wrap,2.0,slices,bacon
9,Strawberry Spinach Salad Breakfast Wrap,2.0,teaspoons,chia seeds
0,Egg Pesto Breakfast Wrap,2.0,each,eggs
1,Egg Pesto Breakfast Wrap,1.5,teaspoons,sour cream
2,Egg Pesto Breakfast Wrap,0.25,cup,Cheddar cheese
3,Egg Pesto Breakfast Wrap,2.0,tablespoons,onion
4,Egg Pesto Breakfast Wrap,1.5,teaspoons,pesto sauce
5,Egg Pesto Breakfast Wrap,3.0,each,tomatoes
6,Egg Pesto Breakfast Wrap,1.0,slice,bacon
7,Egg Pesto Breakfast Wrap,0.5,ounce,artichoke hearts
8,Egg Pesto Breakfast Wrap,10.0,inch,flour
9,Egg Pesto Breakfast Wrap,1.0,each,salt and pepper
0,Green Eggs and Ham Breakfast Sandwich,10.0,ounce,biscuit dough
1,Green Eggs and Ham Breakfast Sandwich,0.5,pound,bacon
2,Green Eggs and Ham Breakfast Sandwich,3.0,tablespoons,olive oil
3,Green Eggs and Ham Breakfast Sandwich,0.5,each,onion
4,Green Eggs and Ham Breakfast Sandwich,1.0,each,jalapeno pepper
5,Green Eggs and Ham Breakfast Sandwich,4.0,each,green chile peppers
6,Green Eggs and Ham Breakfast Sandwich,1.0,teaspoon,salt
7,Green Eggs and Ham Breakfast Sandwich,1.0,teaspoon,pepper
8,Green Eggs and Ham Breakfast Sandwich,6.0,each,eggs
9,Green Eggs and Ham Breakfast Sandwich,0.5,cup,milk
10,Green Eggs and Ham Breakfast Sandwich,1.0,cup,Monterey Jack cheese
0,Cinnamon-Accented French Toast,3.0,each,eggs
1,Cinnamon-Accented French Toast,2.0,teaspoons,white sugar
2,Cinnamon-Accented French Toast,1.0,teaspoon,milk
3,Cinnamon-Accented French Toast,1.0,teaspoon,cinnamon
4,Cinnamon-Accented French Toast,0.25,teaspoon,salt
5,Cinnamon-Accented French Toast,6.0,slices,bread
0,Sausage Crescent Rolls,1.0,pound,spicy pork sausage
1,Sausage Crescent Rolls,8.0,ounce,cream cheese
2,Sausage Crescent Rolls,16.0,ounce,crescent rolls
3,Sausage Crescent Rolls,1.0,each,egg
4,Sausage Crescent Rolls,1.0,tablespoon,poppy seeds
0,Bronco Burger,5.0,each,jalapeno peppers
1,Bronco Burger,4.0,pounds,ground beef
2,Bronco Burger,1.0,each,salt and pepper
3,Bronco Burger,1.0,each,egg
4,Bronco Burger,0.25,cup,steak sauce
5,Bronco Burger,0.25,cup,white onion
6,Bronco Burger,1.0,teaspoon,hot pepper sauce
7,Bronco Burger,1.0,pinch,oregano
8,Bronco Burger,1.0,tablespoon,Worcestershire sauce
9,Bronco Burger,1.0,teaspoon,salt
10,Bronco Burger,0.25,cup,corn chips
11,Bronco Burger,8.0,each,potato hamburger buns
12,Bronco Burger,8.0,slices,pepperjack cheese
0,Lunch Box Hot Hot Dogs,1.0,each,hot dog
1,Lunch Box Hot Hot Dogs,1.0,each,hot dog bun
2,Lunch Box Hot Hot Dogs,1.0,each,ketchup
3,Lunch Box Hot Hot Dogs,1.0,each,mustard
4,Lunch Box Hot Hot Dogs,2.0,tablespoons,Cheddar cheese
0,Reuben Sandwich,8.0,slices,rye bread
1,Reuben Sandwich,0.75,cup,thousand island dressing
2,Reuben Sandwich,16.0,ounce,sauerkraut
3,Reuben Sandwich,8.0,slices,Swiss cheese
4,Reuben Sandwich,8.0,slices,pastrami
5,Reuben Sandwich,0.25,cup,margarine
0,Barbequed Ribs,4.0,pounds,baby back pork ribs
1,Barbequed Ribs,4.0,cloves,garlic
2,Barbequed Ribs,1.0,tablespoon,white sugar
3,Barbequed Ribs,1.0,tablespoon,paprika
4,Barbequed Ribs,2.0,teaspoons,salt
5,Barbequed Ribs,2.0,teaspoons,black pepper
6,Barbequed Ribs,2.0,teaspoons,chili powder
7,Barbequed Ribs,2.0,teaspoons,cumin
8,Barbequed Ribs,0.5,cup,brown sugar
9,Barbequed Ribs,0.5,cup,cider vinegar
10,Barbequed Ribs,0.5,cup,ketchup
11,Barbequed Ribs,0.25,cup,chili sauce
12,Barbequed Ribs,0.25,cup,Worcestershire sauce
13,Barbequed Ribs,1.0,tablespoon,lemon juice
14,Barbequed Ribs,2.0,tablespoons,onion
15,Barbequed Ribs,0.5,teaspoon,mustard
16,Barbequed Ribs,1.0,clove,garlic
0,Best BLT Chicken Panini,4.0,slices,bacon
1,Best BLT Chicken Panini,1.0,tablespoon,mayonnaise
2,Best BLT Chicken Panini,4.0,slices,ciabatta bread
3,Best BLT Chicken Panini,8.0,ounces,chicken
4,Best BLT Chicken Panini,2.0,slices,Swiss cheese
5,Best BLT Chicken Panini,2.0,each,leaves lettuce
6,Best BLT Chicken Panini,4.0,slices,tomato
7,Best BLT Chicken Panini,1.0,each,cooking spray
0,Grandma's Iron Skillet Apple Pie,0.5,cup,butter
1,Grandma's Iron Skillet Apple Pie,1.0,cup,brown sugar
2,Grandma's Iron Skillet Apple Pie,5.0,each,apples
3,Grandma's Iron Skillet Apple Pie,27.0,inch,crusts
4,Grandma's Iron Skillet Apple Pie,1.0,cup,white sugar
5,Grandma's Iron Skillet Apple Pie,2.0,teaspoons,cinnamon
6,Grandma's Iron Skillet Apple Pie,0.25,cup,white sugar
7,Grandma's Iron Skillet Apple Pie,1.0,tablespoon,butter
0,Philly Cheese Steak Sliders,12.0,ounce,beef
1,Philly Cheese Steak Sliders,12.0,each,Hawaiian bread rolls
2,Philly Cheese Steak Sliders,0.5,each,bell pepper
3,Philly Cheese Steak Sliders,0.5,each,onion
4,Philly Cheese Steak Sliders,0.25,cup,mayonnaise
5,Philly Cheese Steak Sliders,8.0,slices,pepper Jack cheese
6,Philly Cheese Steak Sliders,2.0,tablespoons,butter
0,Amish Meatloaf,2.0,pounds,ground beef
1,Amish Meatloaf,2.5,cups,butter-flavored crackers
2,Amish Meatloaf,1.0,each,onion
3,Amish Meatloaf,2.0,each,eggs
4,Amish Meatloaf,0.75,cup,ketchup
5,Amish Meatloaf,0.25,cup,brown sugar
6,Amish Meatloaf,2.0,slices,bacon
7,Amish Meatloaf,1.0,cup,ketchup
8,Amish Meatloaf,2.0,tablespoons,vinegar
9,Amish Meatloaf,0.75,teaspoon,salt
10,Amish Meatloaf,2.0,tablespoons,mustard
11,Amish Meatloaf,0.5,cup,brown sugar
0,Chef John's Macaroni and Cheese,16.0,ounce,macaroni
1,Chef John's Macaroni and Cheese,0.25,cup,butter
2,Chef John's Macaroni and Cheese,0.25,cup,flour
3,Chef John's Macaroni and Cheese,0.25,teaspoon,thyme
4,Chef John's Macaroni and Cheese,0.25,teaspoon,cayenne pepper
5,Chef John's Macaroni and Cheese,0.13,teaspoon,white pepper
6,Chef John's Macaroni and Cheese,3.0,cups,milk
7,Chef John's Macaroni and Cheese,1.0,pinch,nutmeg
8,Chef John's Macaroni and Cheese,0.25,teaspoon,Worcestershire sauce
9,Chef John's Macaroni and Cheese,1.0,teaspoon,salt
10,Chef John's Macaroni and Cheese,3.0,cups,Cheddar cheese
11,Chef John's Macaroni and Cheese,1.0,teaspoon,mustard
12,Chef John's Macaroni and Cheese,0.5,cup,bread crumbs
13,Chef John's Macaroni and Cheese,1.0,tablespoon,butter
0,Sizzling Steak Fajitas,3.0,pounds,flank or skirt steak
1,Sizzling Steak Fajitas,1.5,cups,Goya Mojo Criollo
2,Sizzling Steak Fajitas,1.0,teaspoon,Goya Adobo with Pepper
3,Sizzling Steak Fajitas,2.0,tablespoons,Goya Extra Virgin Olive Oil
4,Sizzling Steak Fajitas,1.0,inch,yellow onion
5,Sizzling Steak Fajitas,2.0,inch,bell peppers
6,Sizzling Steak Fajitas,1.0,teaspoon,Goya Sazonador Total
7,Sizzling Steak Fajitas,18.0,ounce,Goya Flour Tortillas
8,Sizzling Steak Fajitas,12.0,ounce,Goya Guacamole
9,Sizzling Steak Fajitas,17.6,ounce,Goya Salsa Pico de Gallo
10,Sizzling Steak Fajitas,1.0,cup,sour cream
11,Sizzling Steak Fajitas,8.0,ounce,Goya Salsita
0,Chicago Deep-Dish Pizza,1.33,cups,water
1,Chicago Deep-Dish Pizza,2.25,teaspoons,yeast
2,Chicago Deep-Dish Pizza,0.25,cup,olive oil
3,Chicago Deep-Dish Pizza,0.25,cup,butter
4,Chicago Deep-Dish Pizza,2.0,teaspoons,white sugar
5,Chicago Deep-Dish Pizza,1.5,teaspoons,salt
6,Chicago Deep-Dish Pizza,0.5,cup,cornmeal
7,Chicago Deep-Dish Pizza,3.75,cups,flour
8,Chicago Deep-Dish Pizza,2.0,teaspoons,olive oil
9,Chicago Deep-Dish Pizza,4.0,cups,pizza sauce
10,Chicago Deep-Dish Pizza,4.0,ounces,provolone cheese
11,Chicago Deep-Dish Pizza,8.0,ounces,mozzarella cheese
12,Chicago Deep-Dish Pizza,1.0,pound,Italian sausage
13,Chicago Deep-Dish Pizza,4.0,ounces,mozzarella cheese
14,Chicago Deep-Dish Pizza,2.0,ounces,Parmigiano-Reggiano cheese
15,Chicago Deep-Dish Pizza,1.0,tablespoon,olive oil
0,Juicy Thanksgiving Turkey,2.0,tablespoons,parsley
1,Juicy Thanksgiving Turkey,2.0,tablespoons,rosemary
2,Juicy Thanksgiving Turkey,2.0,tablespoons,sage
3,Juicy Thanksgiving Turkey,2.0,tablespoons,thyme
4,Juicy Thanksgiving Turkey,1.0,tablespoon,lemon pepper
5,Juicy Thanksgiving Turkey,1.0,tablespoon,salt
6,Juicy Thanksgiving Turkey,15.0,pound,turkey
7,Juicy Thanksgiving Turkey,2.0,stalks,celery
8,Juicy Thanksgiving Turkey,1.0,each,orange
9,Juicy Thanksgiving Turkey,1.0,each,onion
10,Juicy Thanksgiving Turkey,1.0,each,carrot
11,Juicy Thanksgiving Turkey,14.5,ounce,chicken broth
12,Juicy Thanksgiving Turkey,750.0,milliliter,champagne
0,Tater Tot Taco Casserole,1.0,pound,ground beef
1,Tater Tot Taco Casserole,1.0,each,onion
2,Tater Tot Taco Casserole,1.0,clove,garlic
3,Tater Tot Taco Casserole,1.0,ounce,taco seasoning
4,Tater Tot Taco Casserole,16.0,ounce,corn
5,Tater Tot Taco Casserole,12.0,ounce,black beans
6,Tater Tot Taco Casserole,12.0,ounce,cheese
7,Tater Tot Taco Casserole,16.0,ounce,tots
8,Tater Tot Taco Casserole,12.0,ounce,enchilada sauce
0,Down Home Baked Beans,1.0,pound,bacon
1,Down Home Baked Beans,56.0,ounce,baked beans
2,Down Home Baked Beans,12.0,ounce,chili sauce
3,Down Home Baked Beans,1.0,each,onion
4,Down Home Baked Beans,2.0,cups,brown sugar
0,Salmon with Lemon and Dill,1.0,pound,salmon
1,Salmon with Lemon and Dill,0.25,cup,butter
2,Salmon with Lemon and Dill,5.0,tablespoons,lemon juice
3,Salmon with Lemon and Dill,1.0,tablespoon,dill weed
4,Salmon with Lemon and Dill,0.25,teaspoon,garlic powder
5,Salmon with Lemon and Dill,1.0,each,salt
6,Salmon with Lemon and Dill,1.0,each,black pepper
0,Easy Peach Cobbler,1.0,cup,white sugar
1,Easy Peach Cobbler,0.5,cup,butter
2,Easy Peach Cobbler,1.0,cup,flour
3,Easy Peach Cobbler,1.0,cup,milk
4,Easy Peach Cobbler,15.0,ounce,peaches
0,RITZ Hazelnut Gelato Sandwich,14.0,ounce,vanilla bean gelato
1,RITZ Hazelnut Gelato Sandwich,50.0,each,RITZ Crackers
2,RITZ Hazelnut Gelato Sandwich,6.0,ounces,chocolate
3,RITZ Hazelnut Gelato Sandwich,3.0,ounces,hazelnuts
0,Sam's Famous Carrot Cake,3.0,each,eggs
1,Sam's Famous Carrot Cake,0.75,cup,buttermilk
2,Sam's Famous Carrot Cake,0.75,cup,vegetable oil
3,Sam's Famous Carrot Cake,1.5,cups,white sugar
4,Sam's Famous Carrot Cake,2.0,teaspoons,vanilla extract
5,Sam's Famous Carrot Cake,2.0,teaspoons,cinnamon
6,Sam's Famous Carrot Cake,0.25,teaspoon,salt
7,Sam's Famous Carrot Cake,2.0,cups,flour
8,Sam's Famous Carrot Cake,2.0,teaspoons,baking soda
9,Sam's Famous Carrot Cake,2.0,cups,carrots
10,Sam's Famous Carrot Cake,1.0,cup,flaked coconut
11,Sam's Famous Carrot Cake,1.0,cup,walnuts
12,Sam's Famous Carrot Cake,8.0,ounce,pineapple with juice
13,Sam's Famous Carrot Cake,1.0,cup,raisins
0,Rhubarb Cheesecake,1.0,cup,flour
1,Rhubarb Cheesecake,0.25,cup,white sugar
2,Rhubarb Cheesecake,0.5,cup,butter
3,Rhubarb Cheesecake,3.0,cups,rhubarb
4,Rhubarb Cheesecake,0.5,cup,white sugar
5,Rhubarb Cheesecake,1.0,tablespoon,flour
6,Rhubarb Cheesecake,16.0,ounce,cream cheese
7,Rhubarb Cheesecake,0.5,cup,white sugar
8,Rhubarb Cheesecake,2.0,each,eggs
9,Rhubarb Cheesecake,1.0,cup,sour cream
10,Rhubarb Cheesecake,2.0,tablespoons,white sugar
11,Rhubarb Cheesecake,1.0,teaspoon,vanilla extract
0,Boston Cream Pie II,1.25,cups,flour
1,Boston Cream Pie II,1.0,cup,white sugar
2,Boston Cream Pie II,1.5,teaspoons,baking powder
3,Boston Cream Pie II,0.5,teaspoon,salt
4,Boston Cream Pie II,0.75,cup,milk
5,Boston Cream Pie II,0.33,cup,shortening
6,Boston Cream Pie II,1.0,each,egg
7,Boston Cream Pie II,1.0,teaspoon,vanilla extract
8,Boston Cream Pie II,0.33,cup,white sugar
9,Boston Cream Pie II,2.0,tablespoons,cornstarch
10,Boston Cream Pie II,0.13,teaspoon,salt
11,Boston Cream Pie II,1.5,cups,milk
12,Boston Cream Pie II,2.0,each,egg
13,Boston Cream Pie II,2.0,teaspoons,vanilla extract
14,Boston Cream Pie II,2.0,ounce,chocolate
15,Boston Cream Pie II,3.0,tablespoons,butter
16,Boston Cream Pie II,1.0,cup,sugar
17,Boston Cream Pie II,0.75,teaspoon,vanilla extract
18,Boston Cream Pie II,2.0,tablespoons,water
0,Creamy Coconut Cake,16.0,ounce,white cake mix
1,Creamy Coconut Cake,14.0,ounce,cream of coconut
2,Creamy Coconut Cake,14.0,ounce,condensed milk
3,Creamy Coconut Cake,16.0,ounce,frozen whipped topping
4,Creamy Coconut Cake,10.0,ounce,flaked coconut
0,Banana Pudding IV,8.0,ounce,cream cheese
1,Banana Pudding IV,14.0,ounce,condensed milk
2,Banana Pudding IV,5.0,ounce,vanilla pudding mix
3,Banana Pudding IV,3.0,cups,milk
4,Banana Pudding IV,1.0,teaspoon,vanilla extract
5,Banana Pudding IV,8.0,ounce,frozen whipped topping
6,Banana Pudding IV,4.0,each,bananas
7,Banana Pudding IV,6.0,ounce,vanilla wafers
0,Chocolate Pie,9.0,inch,shell
1,Chocolate Pie,5.0,ounce,chocolate pudding mix
2,Chocolate Pie,2.0,cups,milk
3,Chocolate Pie,8.0,ounce,frozen whipped topping
4,Chocolate Pie,0.25,cup,chocolate
0,MMMMM... Brownies,0.5,cup,white sugar
1,MMMMM... Brownies,2.0,tablespoons,butter
2,MMMMM... Brownies,2.0,tablespoons,water
3,MMMMM... Brownies,1.5,cups,chocolate chips
4,MMMMM... Brownies,2.0,each,eggs
5,MMMMM... Brownies,0.5,teaspoon,vanilla extract
6,MMMMM... Brownies,0.66,cup,flour
7,MMMMM... Brownies,0.25,teaspoon,baking soda
8,MMMMM... Brownies,0.5,teaspoon,salt
